lesson_id,scene,query,orientation,min_duration_s,filename
L01,7,senior designer reviewing junior colleague work,landscape,22,ai-23-ai-for-brand-and-product-design_L01_stock_07.mp4
L01,10,freelance product designer working laptop studio,landscape,18,ai-23-ai-for-brand-and-product-design_L01_stock_10.mp4
L02,6,designer comparing notes on sticky note wall,landscape,23,ai-23-ai-for-brand-and-product-design_L02_stock_06.mp4
L02,8,two colleagues discussing printed notes office,landscape,25,ai-23-ai-for-brand-and-product-design_L02_stock_08.mp4
L02,9,young woman researcher reading notes laptop,landscape,16,ai-23-ai-for-brand-and-product-design_L02_stock_09.mp4
L03,6,blurred silhouette of person behind frosted glass,landscape,24,ai-23-ai-for-brand-and-product-design_L03_stock_06.mp4
L03,8,artist drawing pencil portrait sketch close up,landscape,21,ai-23-ai-for-brand-and-product-design_L03_stock_08.mp4
L03,9,patients waiting in clinic using phones,landscape,17,ai-23-ai-for-brand-and-product-design_L03_stock_09.mp4
L04,8,boxing training partners sparring in gym,landscape,17,ai-23-ai-for-brand-and-product-design_L04_stock_08.mp4
L04,9,olive grove harvest in sunlight,landscape,20,ai-23-ai-for-brand-and-product-design_L04_stock_09.mp4
L05,3,designer desk with confidential documents and laptop,landscape,21,ai-23-ai-for-brand-and-product-design_L05_stock_03.mp4
L05,8,print shop worker using large printer,landscape,21,ai-23-ai-for-brand-and-product-design_L05_stock_08.mp4
L05,10,small design studio team meeting,landscape,14,ai-23-ai-for-brand-and-product-design_L05_stock_10.mp4
L06,3,designer writing name ideas in notebook,landscape,16,ai-23-ai-for-brand-and-product-design_L06_stock_03.mp4
L06,9,colleagues brainstorming words on whiteboard,landscape,16,ai-23-ai-for-brand-and-product-design_L06_stock_09.mp4
L06,10,refill station with bulk grains in jars,landscape,14,ai-23-ai-for-brand-and-product-design_L06_stock_10.mp4
L07,3,designer arranging moodboard images on table,landscape,14,ai-23-ai-for-brand-and-product-design_L07_stock_03.mp4
L07,8,chef arranging colourful spices and ingredients,landscape,20,ai-23-ai-for-brand-and-product-design_L07_stock_08.mp4
L07,9,handmade ceramic bowls in pottery studio,landscape,16,ai-23-ai-for-brand-and-product-design_L07_stock_09.mp4
L08,9,painter working from photo reference at easel,landscape,18,ai-23-ai-for-brand-and-product-design_L08_stock_09.mp4
L08,10,small coffee roastery roasting beans,landscape,17,ai-23-ai-for-brand-and-product-design_L08_stock_10.mp4
L09,8,person holding paint swatches against wall,landscape,17,ai-23-ai-for-brand-and-product-design_L09_stock_08.mp4
L09,9,worker sending money on smartphone,landscape,19,ai-23-ai-for-brand-and-product-design_L09_stock_09.mp4
L10,7,players on sports field with white lines,landscape,23,ai-23-ai-for-brand-and-product-design_L10_stock_07.mp4
L10,9,bicycle repair workshop cafe with coffee,landscape,18,ai-23-ai-for-brand-and-product-design_L10_stock_09.mp4
L11,7,construction scaffolding around a building,landscape,15,ai-23-ai-for-brand-and-product-design_L11_stock_07.mp4
L11,8,adult learning a language on smartphone,landscape,16,ai-23-ai-for-brand-and-product-design_L11_stock_08.mp4
L12,7,person testing mobile app while designer observes,landscape,22,ai-23-ai-for-brand-and-product-design_L12_stock_07.mp4
L12,8,theatre actors rehearsing on empty stage,landscape,16,ai-23-ai-for-brand-and-product-design_L12_stock_08.mp4
L12,9,busy street food stall at lunchtime,landscape,19,ai-23-ai-for-brand-and-product-design_L12_stock_09.mp4
L13,8,person reading ingredient label on food package,landscape,14,ai-23-ai-for-brand-and-product-design_L13_stock_08.mp4
L13,9,plant nursery greenhouse with rows of plants,landscape,13,ai-23-ai-for-brand-and-product-design_L13_stock_09.mp4
L14,8,chef cooking on camera in studio kitchen,landscape,18,ai-23-ai-for-brand-and-product-design_L14_stock_08.mp4
L14,9,water bottle delivery to apartment building,landscape,16,ai-23-ai-for-brand-and-product-design_L14_stock_09.mp4
